{"cameraMode":{"drawMode":0,"name":"Shaded","section":"Shading Mode"},"sceneLighting":true,"audioPlay":false,"sceneViewState":{"showFog":true,"showMaterialUpdate":false,"showSkybox":false,"showFlares":true,"showImageEffects":true,"showParticleSystems":true},"in2DMode":false,"pivot":{"x":0.7194118499755859,"y":-0.24905773997306825,"z":-0.9525249600410461},"rotation":{"x":-0.21068072319030763,"y":0.776804506778717,"z":-0.3333035409450531,"w":-0.4910315275192261},"size":49.02613830566406,"orthographic":false}